Model,Accuracy,Precision,Recall,F1 Score
Random Forest,0.9999636059249554,0.9999634956559831,1.0,0.9999817474948437
Naive Bayes,0.9969428976962551,0.9969428976962551,1.0,0.9984691088026244
